{"cameraMode":{"drawMode":0,"name":"Shaded","section":"Shading Mode"},"sceneLighting":false,"audioPlay":false,"sceneViewState":{"showFog":true,"showMaterialUpdate":false,"showSkybox":true,"showFlares":true,"showImageEffects":true,"showParticleSystems":true},"in2DMode":false,"pivot":{"x":15.921592712402344,"y":-2.8133513927459719,"z":38.07433319091797},"rotation":{"x":0.0740886703133583,"y":0.1747364103794098,"z":-0.013121475465595723,"w":0.9818155169487},"size":62.00265121459961,"orthographic":false}