{"cameraMode":{"drawMode":0,"name":"Shaded","section":"Shading Mode"},"sceneLighting":false,"audioPlay":false,"sceneViewState":{"showFog":true,"showMaterialUpdate":false,"showSkybox":true,"showFlares":true,"showImageEffects":true,"showParticleSystems":true},"in2DMode":false,"pivot":{"x":71.75658416748047,"y":-30.013689041137697,"z":29.5675048828125},"rotation":{"x":-0.1590292900800705,"y":-0.5538834929466248,"z":0.10866297781467438,"w":-0.8100823163986206},"size":90.44924926757813,"orthographic":false}