{"cameraMode":{"drawMode":0,"name":"Shaded","section":"Shading Mode"},"sceneLighting":false,"audioPlay":false,"sceneViewState":{"showFog":true,"showMaterialUpdate":false,"showSkybox":true,"showFlares":true,"showImageEffects":true,"showParticleSystems":true},"in2DMode":false,"pivot":{"x":11.275199890136719,"y":1.8009072542190552,"z":23.205272674560548},"rotation":{"x":0.0877416729927063,"y":0.14652539789676667,"z":-0.012984168715775013,"w":0.9853012561798096},"size":43.59933853149414,"orthographic":false}