{"cameraMode":{"drawMode":0,"name":"Shaded","section":"Shading Mode"},"sceneLighting":false,"audioPlay":false,"sceneViewState":{"showFog":true,"showMaterialUpdate":false,"showSkybox":true,"showFlares":true,"showImageEffects":true,"showParticleSystems":true},"in2DMode":false,"pivot":{"x":5.751976490020752,"y":-3.432663679122925,"z":27.553442001342775},"rotation":{"x":-0.06591302901506424,"y":-0.1024981439113617,"z":0.006794309709221125,"w":-0.9925612211227417},"size":31.8343505859375,"orthographic":false}