{"cameraMode":{"drawMode":0,"name":"Shaded","section":"Shading Mode"},"sceneLighting":false,"audioPlay":false,"sceneViewState":{"showFog":true,"showMaterialUpdate":false,"showSkybox":true,"showFlares":true,"showImageEffects":true,"showParticleSystems":true},"in2DMode":false,"pivot":{"x":-0.20436307787895204,"y":1.2505106925964356,"z":-0.44628047943115237},"rotation":{"x":-0.060280561447143558,"y":-0.0030396473594009878,"z":0.00016806503117550164,"w":-0.9983229637145996},"size":4.124912261962891,"orthographic":false}