{"cameraMode":{"drawMode":0,"name":"Shaded","section":"Shading Mode"},"sceneLighting":false,"audioPlay":false,"sceneViewState":{"showFog":true,"showMaterialUpdate":false,"showSkybox":true,"showFlares":true,"showImageEffects":true,"showParticleSystems":true},"in2DMode":false,"pivot":{"x":3.690380811691284,"y":-6.996440410614014,"z":32.92244338989258},"rotation":{"x":0.12273631244897843,"y":0.06608477979898453,"z":-0.008196339942514897,"w":0.990317165851593},"size":37.613712310791019,"orthographic":false}