{"cameraMode":{"drawMode":0,"name":"Shaded","section":"Shading Mode"},"sceneLighting":false,"audioPlay":false,"sceneViewState":{"showFog":true,"showMaterialUpdate":false,"showSkybox":true,"showFlares":true,"showImageEffects":true,"showParticleSystems":true},"in2DMode":false,"pivot":{"x":-0.1617358773946762,"y":-1.6338986158370972,"z":1.9572941064834595},"rotation":{"x":-0.24236531555652619,"y":-0.017511161044239999,"z":0.004358029458671808,"w":-0.9701619744300842},"size":4.124912261962891,"orthographic":false}