{"cameraMode":{"drawMode":0,"name":"Shaded","section":"Shading Mode"},"sceneLighting":false,"audioPlay":false,"sceneViewState":{"showFog":true,"showMaterialUpdate":false,"showSkybox":true,"showFlares":true,"showImageEffects":true,"showParticleSystems":true},"in2DMode":false,"pivot":{"x":-0.5427563190460205,"y":-0.3191857635974884,"z":1.8987360000610352},"rotation":{"x":-0.08120720833539963,"y":0.023877067491412164,"z":-0.001960175111889839,"w":-0.996554970741272},"size":4.124912261962891,"orthographic":false}