{"cameraMode":{"drawMode":0,"name":"Shaded","section":"Shading Mode"},"sceneLighting":false,"audioPlay":false,"sceneViewState":{"showFog":true,"showMaterialUpdate":false,"showSkybox":true,"showFlares":true,"showImageEffects":true,"showParticleSystems":true},"in2DMode":false,"pivot":{"x":-0.7793979644775391,"y":9.74438762664795,"z":-0.0799904614686966},"rotation":{"x":-0.03484957292675972,"y":0.7871832847595215,"z":0.04468535631895065,"w":0.6143035888671875},"size":4.124912261962891,"orthographic":false}