{"cameraMode":{"drawMode":0,"name":"Shaded","section":"Shading Mode"},"sceneLighting":false,"audioPlay":false,"sceneViewState":{"showFog":true,"showMaterialUpdate":false,"showSkybox":true,"showFlares":true,"showImageEffects":true,"showParticleSystems":true},"in2DMode":false,"pivot":{"x":-22.278419494628908,"y":-62.702125549316409,"z":68.82318115234375},"rotation":{"x":-0.34411659836769106,"y":0.14589183032512666,"z":-0.05427064001560211,"w":-0.9260036945343018},"size":107.8624038696289,"orthographic":false}